name,price_per_night
Wohnung in St. Gallen,61 CHF Nacht
Wohnung in St. Gallen,95 CHF 78 CHF Nacht
Wohnung in St. Gallen,92 CHF Nacht
Wohnung in St. Gallen,93 CHF 74 CHF Nacht
Wohnung in St. Gallen,47 CHF Nacht
Wohnung in St. Gallen,76 CHF 70 CHF Nacht
Wohnung in St. Gallen,162 CHF 78 CHF Nacht
Wohnung in St. Gallen,104 CHF 95 CHF Nacht
Zimmer in St. Gallen,71 CHF 64 CHF Nacht
Wohnung in St. Gallen,126 CHF 115 CHF Nacht
Zimmer in St. Gallen,59 CHF 54 CHF Nacht
Wohnung in St. Gallen,69 CHF 58 CHF Nacht
Wohnung in St. Gallen,69 CHF 58 CHF Nacht
Zimmer in St. Gallen,38 CHF 34 CHF Nacht
Wohnung in St. Gallen,111 CHF 100 CHF Nacht
Wohnung in BÃ¼hler,73 CHF 64 CHF Nacht
Zimmer in St. Gallen,72 CHF Nacht
Wohnung in St. Gallen,140 CHF 126 CHF Nacht
Chalet in Herisau,60 CHF Nacht
Wohnung in St. Gallen,93 CHF 85 CHF Nacht
Wohnung in St. Gallen,106 CHF 98 CHF Nacht
Wohnung in Herisau,104 CHF Nacht
Loft in Wittenbach,98 CHF 85 CHF Nacht
Wohnung in Goldach,73 CHF 67 CHF Nacht
Zimmer in St. Gallen,41 CHF 38 CHF Nacht
Loft in Arbon,247 CHF Nacht
Wohnung in Rebstein,84 CHF 65 CHF Nacht
Cottage in Heiden,168 CHF Nacht
Wohnung in Thal,110 CHF 102 CHF Nacht
Tiny House in Gais,77 CHF 70 CHF Nacht
